{"cameraMode":{"drawMode":0,"name":"Shaded","section":"Shading Mode"},"sceneLighting":true,"audioPlay":false,"sceneViewState":{"showFog":true,"showMaterialUpdate":false,"showSkybox":true,"showFlares":true,"showImageEffects":true,"showParticleSystems":true},"in2DMode":false,"pivot":{"x":8.824631690979004,"y":25.394262313842775,"z":-10.88872241973877},"rotation":{"x":-0.47254955768585207,"y":-0.01930050179362297,"z":0.010351850651204586,"w":-0.8810326457023621},"size":10.394074440002442,"orthographic":false}