{"cameraMode":{"drawMode":0,"name":"Shaded","section":"Shading Mode"},"sceneLighting":false,"audioPlay":false,"sceneViewState":{"showFog":true,"showMaterialUpdate":false,"showSkybox":false,"showFlares":true,"showImageEffects":true,"showParticleSystems":true},"in2DMode":false,"pivot":{"x":-4.949999809265137,"y":5.0,"z":1.5399999618530274},"rotation":{"x":0.24856561422348023,"y":-0.08993016183376312,"z":0.023202314972877504,"w":0.9641769528388977},"size":11.761210441589356,"orthographic":false}