{"cameraMode":{"drawMode":0,"name":"Shaded","section":"Shading Mode"},"sceneLighting":false,"audioPlay":false,"sceneViewState":{"showFog":true,"showMaterialUpdate":false,"showSkybox":false,"showFlares":true,"showImageEffects":true,"showParticleSystems":true},"in2DMode":false,"pivot":{"x":2.385734796524048,"y":2.749030828475952,"z":-8.96603012084961},"rotation":{"x":0.26073122024536135,"y":0.060771260410547259,"z":-0.016429418697953225,"w":0.963381826877594},"size":3.401561975479126,"orthographic":false}